"","cntry","Global_Cybersecurity_Index","National_Cyber_Security_Index","PC1","PC2","PC3","PC4","PC5","PC6","PC7","PC8","PC9","PC10","PC11","PC12","PC13","PC14","PC15","PC16","PC17","PC18","PC19","PC20","PC21","Mobile cellular subscriptions","Mobile cellular subscriptions (per 100 people)","Individuals using the Internet (% of population)","Secure Internet servers","Secure Internet servers (per 1 million people)","Firms that spend on R&D (% of firms)","Scientific and technical journal articles","GDP (current US$)","GDP per capita (current US$)","Government expenditure on education, total (% of GDP)","General government final consumption expenditure (% of GDP)","Military expenditure (% of GDP)","Research and development expenditure (% of GDP)","HDI_2021"
"1",8,64.32,62.34,-7.12210351926939,-7.84614920467033,-12.1571994254943,-4.79733484373681,-7.98262263396385,11.3939883914128,-2.06005116958018,4.03437505046472,-1.57006914162844,-1.3323235721684,7.55061271898774,-4.10245602872666,1.28896103520776,-4.58024696315357,1.49457890600483,-2.01406221167402,0.149009029403357,-3.71814929380756,1.88667651291707,-6.8932085407217,0.565773786158602,2635466,92.31992041,79.32371752,2511,884.825091116546,2.4,180.36,18255787479.1846,6492.87201224634,3.09999990463257,11.758142995696,1.4156359265316,1.99564787082924,0.796
"2",31,89.31,59.74,1.08057267675679,-13.5774241325155,10.5075584175752,7.94676626553674,0.891837176368857,2.21172211524556,2.00093472473242,-1.21362268640603,-3.93979409710363,-6.15424133027964,-2.62848896565387,-6.13082481297711,-0.942907408043822,-2.04093442294627,2.31245365255396,-0.689476899126034,2.12482886983382,4.40780419775875,-5.23562439287456,-1.73290031348794,2.10332204862519,10817071,104.8878056,84.59999573,3021,299.312769558593,11.1,761.43,54622176470.5882,5387.99797495383,4.33204984664917,13.4344270857452,5.27005900628497,0.22435000538826,0.745
"3",32,50.12,63.64,0.77916586709066,-2.78833858331055,1.01000296564213,-4.88846222292438,-1.47002232733998,-1.68186220407016,7.84771638775403,-1.60806369038616,3.10440337279868,-0.915040679066086,1.95196528213642,-0.106409353281464,-1.23871157581347,-0.558373779723044,4.03008234802506,-1.11633442355703,3.59601501468261,0.70276551252552,-2.22175324558413,0.589840281681429,-1.26793318513881,59065827,130.4550081,87.14829302,167248,3685.76312946783,22.6,8811.13,487227339102.67,10636.1201956183,5.01604986190796,15.8433870461202,0.565318000558816,0.457130014896393,0.842
"4",36,97.47,66.23,13.0888612815812,9.8746410984444,-7.15301007236303,1.15269366521344,-0.019961981735706,-2.06229868424131,-4.65012752190348,-1.52549782203586,1.00932387965914,0.39291216976265,3.05683848570333,0.324840051020511,1.53585890535616,1.34393526262001,2.32087710183395,2.39807371503822,-0.247524531175168,1.10005131847629,-2.92706431785517,-3.93993026553407,-2.78316712337339,27090000,104.509498,89.6,1022449,39853.341741736,12.1538461538462,53610.22,1552667363236.06,60443.1091649968,6.09999990463257,22.3019497514683,1.97842253315993,1.82928001880646,0.951
"5",40,93.89,68.83,15.2966829380245,-1.69708277918518,-6.05199144988222,4.24805031884694,-2.59788143235666,0.406019163265766,1.01404680553457,2.17161029559918,-2.06728456883622,-0.535172572069682,-2.55311675888912,1.18466185344153,-0.602356636737463,-0.756246918227674,-3.87705077392152,-0.567066972886297,0.700559258369741,-2.64835110244354,-1.16553140231884,0.541577847807744,0.325360320769944,10882217,121.9694798,92.52915104,301414,33802.6911703487,25.1,12362.28,480368403893.364,53637.7057109897,5.07000017166138,21.6901584338563,0.802121671447654,3.20128011703491,0.916
"6",50,81.27,67.53,-11.0337663990433,-3.35043398721669,3.29817043248169,15.9326814171024,-1.12763498324815,0.729376055025378,9.7792970490341,7.26335294181151,3.14581257241501,-9.49880262762547,0.336401287602973,6.8829157203847,4.76531664091796,-6.98180269033189,2.01173317356711,0.547600524834173,6.53421117039383,-3.46849949363086,-1.39974071966167,-4.88922403438922,-3.89559660035236,181021227,106.8878332,24.8,23085,137.88596864439,15.6857142857143,3135.08,416264942893.326,2457.92487986361,2.11938500404358,5.88274868783073,1.26977671903006,0.533662222401424,0.661
"7",51,50.47,35.06,-8.02449518276401,-5.76250651256582,0.585406307198302,-2.32929276822169,-4.44692456268248,2.27489387704148,-3.74920658517832,0.418887899468555,-3.03018075195131,-1.19863613648958,2.16883316441047,-1.55763320644074,-0.490716715191947,-0.25487822448944,4.4818409540169,-0.386325690775096,-3.86931223245979,2.15320603661033,-0.378388289904668,0.0917759620737403,1.33243210128372,3599278,128.961359,76.50770055,1741,620.542855594937,11.2,521.33,13861409968.835,4966.51347122366,2.77138996124268,15.793103571729,4.44012109130006,0.209209993481636,0.759
"8",68,16.14,31.17,-10.329235831051,4.38122300013936,-3.02238975716591,-8.23632988752674,3.23916612426947,-1.94521786586176,10.9159363915598,-8.33982169083613,1.30422432588377,-2.53641087635119,-2.44986619579826,1.59467095279646,-2.26733914952251,-0.756988970440647,2.45183452746066,-1.98992660220613,-2.47352507197681,1.55102347407519,1.7248087768222,-1.18009203548361,-1.62250899726464,12033941,99.62307127,59.94010155,2452,205.426166300357,15.8,102.8,40408208528.1599,3345.19658873831,9.8374547958374,19.3359811453494,1.54445834157747,0.533662222401424,0.692
"9",70,29.44,28.57,-4.14313906304538,-4.41768104759718,-6.09990576489741,-7.19605037118404,-6.33823765451788,4.0721250517495,-2.67325358765355,5.99461662579669,-1.98701119404566,-0.126025627997632,3.58971819234016,0.574280913739788,0.169001018952855,-3.08076378356752,0.889872624417047,-1.23968936329145,0.592319255293382,-0.334718804411176,-1.66121352889742,0.722477284659186,1.21139220439997,3728775,113.9969422,75.67620138,10382,3128.60960093201,14.2,703.79,23365361635.2201,7143.3105484321,4.13413000106812,19.5038859421711,0.894938348065987,0.206139996647835,0.78
"10",76,96.6,51.95,-6.50482703684643,-12.7747732681889,-6.79776760761788,-7.15644938207265,12.3346180753789,3.60645378185714,-0.541437323000279,-4.44825353889156,4.70457481782491,5.21887635516196,6.83219904926829,3.39898615520527,0.210135057414803,-1.51527555320332,6.16998898140894,4.26541229244806,3.0474712885515,3.84462320152829,1.42505828989981,4.7895574076294,-0.444130434718169,219660524,102.48887,81.34269353,656211,3077.96611708616,17.9692307692308,60147.96,1608981456325.08,7507.16097080234,5.96346998214722,19.0956120865747,1.19080984797947,1.20802998542786,0.754
"11",100,67.38,74.03,0.197479652032376,-12.9599829004378,-0.48780748817427,-6.97443934714673,-3.0282478701248,1.91656000359234,-3.03174956931505,1.97363823438947,-2.38148115258476,-3.56848566000753,-1.93935027419984,-0.379662675307466,-1.98920608120754,0.187098671547258,-0.179491931802886,-5.7198099062051,-0.457316980975896,2.35980813637067,1.06304678367543,-2.25218897431938,-0.883071403955345,7902756,114.7677533,75.27144583,333361,48076.186740294,5.4,3311.27,84056312734.3089,12221.4966064171,4.03999996185303,18.9445065772223,1.5948890065513,0.853510022163391,0.795
"12",104,36.41,10.39,-11.0468164962591,5.69046028209799,-0.838793141517779,15.1822847238827,0.630453798172198,9.36537718350823,0.238301241688977,1.7196138032906,0.937025460311636,-1.1771567289026,5.34386505558892,-5.79867083567454,-7.24750033612413,1.71599832664986,-2.45724469194181,1.66390381041912,-0.61197486617304,-4.62312647150915,-1.71712551384542,6.00735994859007,2.06461822920044,67930093,126.2686102,35.1,765,14.3196219739597,12.1538461538462,230.65,65091751273.2879,1209.92694225482,2.13986992835999,19.6780496990466,3.33493983033476,0.14724999666214,0.585
"13",112,50.57,53.25,2.94596672907752,-9.65056227617436,7.57816257543188,-0.548833137990284,1.11405986680454,3.4377341004887,1.2861237566519,0.397629880634658,-3.82958655180131,0.327695244724696,-0.0246613463332274,-3.80551470784988,-0.292595612338317,4.15808147191801,0.550132358910626,4.68606576975826,-0.671893703985014,0.788401759903845,2.38063376828206,-0.747625228815898,1.81964004849314,11760087,122.7801287,86.88841196,70824,7550.57168736045,11.4,1179.81,68205380706.6609,7302.25779418774,4.70553016662598,16.5686993583709,1.15580570841938,0.548969984054565,0.808
"14",124,97.67,70.13,15.3359208728599,11.4843660044382,-0.823538096245886,0.0718807052280348,-0.269709329131054,-3.81745151804052,0.449813764446908,1.81466713358765,2.07257141629781,2.12291993748875,3.94984120741706,1.3900232754035,-1.1792049320873,5.22241927104725,2.43441227803712,3.29252485344178,1.71386954321095,0.459658365374601,-1.69057327065648,-2.71981401398034,-2.26511644584354,32723000,85.7633068,92.3,1515773,39849.7481570938,15.7107142857143,59967.79,1988336331717.42,51987.9390529728,5.17000007629395,21.6976337766718,1.31515295224175,1.69781005382538,0.936
"15",152,68.83,59.74,0.566079250628798,-0.142194928820233,4.47694831943923,-6.45864115368231,4.81012255770236,-5.76951153026533,4.63952192498893,-1.76615162078076,3.62230007793169,3.34882715399019,0.903568161044748,-0.345225063154682,0.280675329633011,0.558962566338185,-1.78306496394577,0.318708226993604,6.12504786772724,0.720972905374206,-4.38365746831603,2.54791297482326,3.30681717151115,26571823,136.3134058,88.3,246876,12791.2938208521,17.9692307692308,7121.74,317058508651.76,16265.0959767147,5.61812019348145,14.3620279002199,1.96335905956343,0.340950012207031,0.855
"16",156,92.53,51.95,1.66184546850367,3.96172174802534,9.69807550324552,14.9609422666491,-4.8259821841762,9.74058864058518,-4.17009369224733,-6.16073474342131,0.381882969906364,0.464324879965753,-1.4010919966533,-0.347241369025342,-7.53165961973631,-10.6597870398283,-6.13267667089654,1.25913555060181,2.28269483995461,13.4714911563159,-0.0842585862134797,-1.77729643325612,-1.07476063486715,1732661400,121.5140853,73.0532414,1338370,948.458649280703,12.1538461538462,528263.25,17734062645371.4,12556.3331200058,3.5699999332428,15.9199461173099,1.73634051023639,2.40092992782593,0.768
"17",170,63.72,53.25,-11.8480107642281,11.398223133874,-12.5098035388261,-11.226719905646,4.49771763071426,2.30917767042536,-1.07834383456511,-6.25169141391955,0.456913651512997,-3.05023687894313,-4.20300939513686,0.744124492213309,-2.81664968089774,-1.9645348605592,-1.28722252349285,-1.03126532556633,0.67141547482396,1.03685668539535,-1.18278827744672,-0.910757364319914,-3.42465418027992,75056111,145.6931676,69.79,20646,405.374664087421,30.5,7195.02,314464137241.33,6104.1367093039,4.93310022354126,16.3218231996323,3.40189397556368,0.288120001554489,0.752
"18",191,92.53,83.12,2.09371075422775,-5.72843418642706,-6.92650417081494,-10.9797172195779,-3.52549854334307,2.29288083886673,-1.5373905998765,4.9109051059186,-1.77870595183817,0.660352834607415,0.457571416517246,2.48983586751043,-1.0180728035425,-0.851868183250142,0.487879643436186,0.75104577760799,-1.62179521347183,0.0345097149638661,1.42347792567582,-0.645870448047258,-4.15222739421734,4402213,108.4252864,81.25399889,90474,22352.0634042217,3.4,4276.9,68955083280.1922,17685.3252834553,5.53999996185303,22.2277365442878,2.73556858687644,1.24844002723694,0.858
"19",196,88.82,66.23,0.0032268325462701,-4.7355265307159,-0.330973491221264,-2.8341361784036,-2.56846974878583,-3.18167971687051,-2.3594680347371,7.55265172800948,26.2464355984104,-2.86202237047833,-9.51229162107604,-9.30902344906162,0.967337827951253,-1.97343111951515,-0.731554165067899,2.7621290528739,-8.45723855803686,1.27534226556839,2.72216238174138,0.863617006032357,-0.156757383721812,1320794,148.7380631,90.75966792,30171,24379.8771269061,8,1245.42,28407867534.0035,31551.81640625,6.05999994277954,19.5933594161786,1.98681221837651,0.82234001159668,0.896
"20",203,74.37,92.21,7.55833134803671,-2.38481055165861,2.52482000008437,-5.93467974180397,-0.100593376417684,-2.27732405208943,-1.20599091281541,0.887751890664954,-1.40463524449227,0.584253591484712,-2.678572680529,-0.655076696432181,-2.30214385183861,1.99491394632244,-3.33678150669921,-0.502625104139851,0.775350419147956,-0.677037943453606,-0.0401158274645168,-2.51563668982366,0.0619750765803165,13129905,124.9188212,82.67062427,723194,67601.7572863652,20.4,15576.6,281777887121.451,26821.2452279995,5.07999992370605,21.494417221583,1.4340913619415,1.99103999137878,0.889
"21",208,92.6,84.42,18.1192346606449,4.01531877453515,-13.3589632410755,10.6613612713897,1.41679027174347,-2.87709251806537,-0.475458494660094,0.982679499836528,-1.5240512286709,-0.0838679904313441,-4.4259302991008,-2.53510858933544,-1.81008424499521,-8.19753299175857,3.69213520693143,0.984237160067913,1.79835581161391,-0.101335804687879,3.06819960623704,0.244715289500776,2.08102473437391,7287875,124.488832,98.8658506,1615776,277081.814259482,28.9,13978.8,398303272764.46,68007.7566732954,6.38000011444092,24.2954849358241,1.37159146918744,2.96153998374939,0.948
"22",218,26.3,53.25,-11.1460089885719,6.86519160141855,-2.79614630721351,-7.04214018495632,5.00333062960265,2.91209747009558,5.18721073422734,-6.23516142891281,0.770314648877294,2.75288751725325,-2.12859079027352,1.22675509204997,1.7660129496437,-2.32637974489606,1.4932510987168,-0.191700912061674,-1.5980480481394,-2.05516765504444,1.79321044935342,-0.981680926123352,0.629858013475331,16789600,94.33558884,70.7,6711,381.554069554731,30,2142.19,106165866000,5965.13287054416,3.6913800239563,15.2801956139085,2.45571202299679,1.99564787082924,0.74
"23",231,27.74,32.47,-15.3393224171073,-8.65540652756656,-7.70671560643309,11.7428103203277,2.32365484483874,5.1955643115939,-6.51387674692802,-0.948148411950918,4.40982061220186,-5.32039827519332,3.12404815219437,-0.0552582400153626,-0.85378055609004,3.64977139240184,-0.518197274194391,-2.03435810551645,7.49248255618108,-0.0789136723431376,3.52054807703216,-1.28815287145531,-2.65803636053008,44500000,37.97222807,16.6981031,654,5.58063756326632,16.2666666666667,1994.44,111271112329.975,925.077428048534,4.48086881637573,8.83508637135813,0.527828226726397,0.274370014667511,0.498
"24",233,99.48,93.51,11.5199306097996,-12.8079646896996,0.997096756752508,-0.545267356944236,2.43782776480344,2.07710709846734,0.229444794000398,-2.42869625014613,-2.35651711390249,2.62591106859638,-2.28126683683326,-1.82203805538867,3.16893799186439,3.25536741398789,-2.06100287526353,0.539712514725978,-1.76799842667143,-2.62166081971004,2.06018999039457,-1.85781671774283,-0.627708725272448,1980838,149.0807939,91.03626943,112151,84354.3769866162,14.5,1414.72,37191166151.98,27943.701219882,6.57999992370605,19.8053974580881,2.15551504624942,1.79246997833252,0.89
"25",246,92.07,85.71,18.6217808344722,3.61542659114775,-4.94324508993034,7.59246226941904,-0.0195907588320944,-3.73607563294956,2.96008381870422,-0.0509493497639423,-2.77558525412947,0.269550540721431,-0.962486029893459,-1.2091957265175,-0.128217278572363,-4.3064799525889,2.79160502409892,0.168484879620525,-1.5811653256403,-0.705994305548686,3.07227167422988,0.827919872460395,-0.491977224340107,7150000,129.1548109,92.80806082,451490,81650.5089118576,47.5,10598.94,297301883523.251,53654.7502964259,5.88000011444092,24.4077384859588,2.03028083194822,2.93544006347656,0.94
"26",250,97.6,84.42,10.1679340287784,-0.084613952994261,-2.996845087522,-1.20481539949859,-1.54455078755092,-2.24253269273182,3.30330803466304,-0.754720202860781,-2.45594946254156,2.63573539919056,2.8865509237861,-3.33351759355137,3.75252725166014,1.22524376857543,-1.65770691216927,3.378611371435,-0.117330629509869,0.895006704693078,1.884124119107,-0.593335069979461,0.0681811161108002,72751000,112.8271405,86.09548575,2440930,36123.8717015543,14.2,66352.18,2957879759263.52,43658.9789781222,5.5,24.249521166634,1.9453822620282,2.35492992401123,0.903
"27",268,81.07,61.04,-7.67506194031014,-8.3366407198978,-1.07007125004336,-0.694886795615963,-0.573726049368605,8.09544363149356,-3.04155367267247,-1.78343800551819,-2.61728976205828,-0.668278008977922,0.435831305478853,-2.42531794284626,5.57228133876784,0.875774969364673,2.678807178171,-2.77852117785041,-3.67406663686159,2.61888772023161,2.7681394766949,-0.263638459797632,-0.0143774687512226,5163558,137.4024875,76.4427093,13020,3497.44648799425,10.6,550.41,18629365597.0017,5023.27437961979,3.62380003929138,13.9974607072963,1.67322167479838,0.300799995660782,0.802
"28",276,97.41,90.91,18.2483658229532,-2.16301681885682,-9.31959970938222,3.95098070984783,1.11708553781311,-0.393384228503637,-0.870034419387832,-1.35079326279798,-0.143486679015326,-1.26727845709558,-0.8077065849856,1.78180156498574,-0.0461597824238428,0.701792604718738,-3.79304905035046,-2.40651704767222,-0.425393464896652,-1.06537033499105,-1.64016594181532,1.48913027091259,-1.57657093003316,106400000,127.5648538,91.43060973,8109646,97517.56929049,23.7,104396.12,4259934911821.64,51203.5544731043,4.65999984741211,22.1419032414798,1.3373843362163,3.14425992965698,0.942
"29",300,93.98,96.1,3.87235170803929,-3.51951780975966,-0.702258874832774,-2.02904135140083,-11.8550711728938,-1.95096848402807,0.115622642617529,1.07109884411891,4.58101712921566,-4.24494947791535,3.74096612558596,1.57417434960691,1.57158632074036,0.725144137495791,0.91530269086489,-1.53385794580211,-0.691891117223908,2.31510855607383,-4.51881214159314,-1.09145625871267,1.43262122639428,11494008,110.0393141,78.49426371,95300,8907.70838312568,10.7,10906.99,214873879833.648,20192.5963039061,4.44000005722046,21.6310577825059,3.86736963011333,1.49609994888306,0.887
"30",320,13.13,24.68,-6.69905257756319,11.5649090081022,-3.27220996223804,-14.1359076927458,3.30974943315449,-1.90164006595266,-3.63816578643793,-1.1324277518348,-2.3749286408072,0.00748710564901347,-2.4858177344694,-3.88586622586407,-6.09167592627383,-3.20771576348915,1.93770002924572,-1.05898773513857,-0.820712819371399,-2.37734520188567,-0.573202523111695,5.61439171155393,-1.51855274734694,22124839,125.6487512,50.84164945,1798,106.653487032199,15.5,99.89,85985752107.4679,5025.5422907779,3.10876989364624,11.307431262218,0.444567515086392,0.0264699999243021,0.627
"31",348,91.28,67.53,5.75848118332148,-2.20594897743833,-2.77281634734498,-1.78707541072221,-3.77054142819449,3.46964780528559,-2.10510034296701,0.423118101408135,-3.19875735562259,2.6978258694153,-1.58944627162094,-0.156714916595689,1.36339360368134,0.0639630219683664,-1.49000099598656,-2.01686590068519,-0.721419048750684,-1.51225545233935,1.07044698626228,-0.438641356374385,0.147318246176543,10248653,105.549731,88.64083466,319932,32813.0370110241,7.3,6700.92,181848022233.89,18728.1218948689,4.76000022888184,20.8861928860914,1.63606587200346,1.60766005516052,0.846
"32",352,79.81,55.84,19.7241753401254,4.29638833931052,-10.4159202590895,5.4722540004142,-2.07085863732783,-2.88142532568535,-0.0948150229289024,2.60891336315368,-0.973673414163494,0.274741473069371,0.420571847694393,0.429934283862936,1.36054528361698,3.62583173821257,4.43620707320654,-0.840955612550095,0.97295603516945,3.22261803418833,2.08045199389183,4.71166405201817,-1.11502643712595,437270,118.0741761,99.68701957,27673,75513.7626445235,12.5318181818182,680.89,25602419210.3374,68727.636664709,7.71999979019165,27.4508844879464,2.47766794889503,2.47176003456116,0.959
"33",360,94.88,38.96,-9.92726233137676,9.38779776031083,0.666285682266596,9.56198280472086,5.05174163528902,6.07783654315985,3.24669091501221,-1.19708298620268,-0.0739875721397833,-6.35656102954438,-0.0958092817517269,1.47364384439267,5.6010590455231,0.34710792780473,4.23073774112537,0.464619531842874,-2.47823830716175,0.200888349793583,0.994598900308144,3.82179220199452,-1.23480585986243,365872608,133.6505363,62.10447802,513564,1889.08936530351,12.1538461538462,26947.57,1186092991320.04,4332.70928089396,3.49000000953674,9.14339654592787,0.695925939497677,0.280840009450912,0.705
"34",364,81.06,14.29,-8.21577980170758,4.03140880108303,-0.588436679499381,9.82209723933858,0.229362532179188,3.15175974063211,-5.20439742787807,-1.15770399864733,2.69728821606667,5.58595348322189,2.9068758870308,0.609042325548236,-0.784893907061476,0.979331311186204,0.144711532896841,1.385499588996,-2.436571974431,-1.95661645183608,-4.45234227629344,3.3701692820639,-4.66793606297121,135889424,154.5542763,78.59573507,203430,2330.5023509342,8.46,48305.64,359713152725.062,4091.20918670534,3.59243011474609,14.2335765896256,2.29916024067704,0.88358998298645,0.774
"35",368,20.71,5.19,-20.08852732706,0.853468196678307,1.89712783447052,4.7334588009625,-4.71488500867331,-10.9787516025118,3.13993000351023,3.30127755295469,-4.60981026688495,1.73069279900901,4.94278769453618,-5.38263673385939,-5.26896498693769,-2.88544247424391,-4.13254182824948,7.41228379466589,0.264553401836049,-1.16874982164303,10.4839097651614,-1.66273977396072,-0.0510487830923992,37649112,86.48289808,44.32634655,719,16.8949942505324,8.46,6073.39,207889333724.138,4775.3774539013,4.13413000106812,20.4295300331275,2.2829567106897,0.0439699999988079,0.686
"36",380,96.13,79.22,7.49457560598148,-2.42368974433398,-0.412798880974729,-1.77273805258365,-4.51028712412088,1.62019596252926,3.604980322854,3.06452337862385,1.21101923054562,0.349017323974477,2.8629141341578,1.1314009157003,1.80616808409341,-1.63328989143524,0.76453496596382,-2.07586520751954,1.60212047097374,0.286204894920197,-0.01298816350607,0.262978071863639,-1.3797274943074,78114933,131.86107,74.8623274,1229028,20677.1830094764,5,71240.28,2107702842669.73,35657.4975631691,4.26999998092651,19.7928184298267,1.52273013693492,1.53391003608704,0.895
"37",392,97.82,63.64,16.7059135982564,-18.1763682847349,7.47746049466398,0.517866669234737,12.9027167264419,-4.1629147330208,-3.95689368021355,-10.9656465787863,1.84172317096275,-10.4611313724465,9.01510439075081,3.67071403841562,1.34441438965743,-6.25696307203014,-8.61900769519375,0.0479965662252881,-3.56003752386746,-8.47717360552664,-2.85343625546614,4.02517422964137,-0.854243893850088,200478808,160.8817412,90.21945812,2884902,22848.7181314895,12.1538461538462,98792.5,4940877780755.33,39312.6603730693,3.42000007629395,21.4190126293905,1.07351519547696,3.26317000389099,0.925
"38",398,93.15,48.05,-4.48317592452754,-6.41245616282183,11.6590827529331,3.68041742179221,10.2866742107433,-1.92541798408611,1.39446026206025,4.50991049073528,-1.12597451295463,6.58465579976582,-0.235210109572499,4.71590840023727,-0.900773474616292,-1.428968015744,1.89289954675901,-0.561452963379329,-2.65326890923957,3.04151154201803,-1.28769098702192,1.81956548884122,4.32953530295989,24323000,126.70562,90.9239507,62033,3307.42720626396,2.1,2367.46,197112255360.612,10373.7897924367,4.44620370864868,11.426535864249,0.866368644727073,0.132449999451637,0.811
"39",400,70.96,28.57,-18.3238894502076,-5.27845866299286,0.637779216223965,12.1441714563857,-2.47003892403219,-11.7344498821488,-5.18512622749158,-5.35704435746217,-0.470343697096014,10.551019259494,0.593887113602012,1.37885536134484,3.45174456067355,-2.49239790106094,-1.76486905853914,-0.905826826778499,-4.88707361779884,0.563979059249076,0.685771078443418,-3.07957180990097,-4.91535838341085,7275563,65.26176509,65.2,1385,126.73029167823,2.5,2627.29,45744271658.9141,4103.25896599583,3.21138000488281,18.7666467163888,5.01895528329192,1.99564787082924,0.72
"40",404,81.7,41.56,-13.1090321175518,10.5257238775337,-0.617525155981668,-2.50888227717508,10.1677754501011,-5.61449132459328,-1.57358623879941,5.11635440481521,-0.142844940721205,-4.8644871627722,0.546208469239927,0.85256912333985,4.40368736635792,2.98532657800351,-3.93943626326677,-2.99872990180019,3.44560856574032,3.96381379693042,5.09289959525248,-0.840745645937569,1.90928567609558,65085720,122.7902388,29.5,12876,247.683116421452,20.3,1246.76,110347079517.356,2081.79985458438,4.79903984069824,12.1207047329355,1.11910912344849,0.533662222401424,0.575
"41",410,98.52,68.83,12.2177289625438,12.4099920325389,23.9114577269774,-3.90591908060563,-5.96096761052675,-1.01110695866889,0.726367089397535,-1.1956126200502,2.94192438208913,-1.66382767950909,2.96464316578552,5.46366910791543,-4.29879101614787,-0.783939112637519,5.43547493519287,-7.39801881352086,-0.858309541291371,-5.41716700555079,2.32607977257414,2.51566284145049,1.90569354270946,72855492,140.5658819,97.57132662,307856,5939.01112308707,12.1538461538462,66376.17,1810955871380.98,34997.7816427848,4.68465995788574,18.1602754894872,2.77701963271063,4.8144998550415,0.925
"42",417,49.64,37.66,-12.9323872865065,-6.65061153196057,-4.92651121460841,4.33029318433175,1.82579260653171,8.57130879026164,-6.27030027337432,0.981081892355927,-3.13813623289866,6.6502401463024,-4.49028724151456,2.99833420606491,-0.239764507391538,0.127161766435795,0.904212071684266,-1.339634089514,-4.23317462901319,-3.04646738469939,-1.96531829142347,1.37836616706516,3.6865075289123,8511000,132.4695239,72,2771,421.131020228271,10.3,137.06,8543423502.6134,1276.7003650159,6.21486473083496,17.6248772337511,1.66921378312216,0.0893300026655197,0.692
"43",428,97.28,75.32,9.35369591618098,-11.6380541822874,6.75317786225374,-4.02423518385261,0.423773948206973,3.27148641763571,1.42205988140528,2.25464901206258,-0.45686643227467,-0.197002478005793,-5.71138274386481,0.890632447778226,0.692140445675697,4.04872649688426,-1.94062289454418,4.03086852515813,-0.450844158849311,-0.0592604870355637,0.920953808928451,2.56095606178705,1.51671680177487,2161725,115.358508,91.17964988,38634,20328.8801751586,11,1417.73,39853501579.8211,21148.1629405415,5.96999979019165,20.6065117354627,2.28041898110783,0.70550000667572,0.863
"44",434,28.78,10.39,-18.6938952585531,-4.9044604386161,-7.46012680941835,4.91999605682735,-4.02039906474335,-9.19021387076831,-6.58985835701796,1.83770517943101,-6.93282636077338,-7.65108378093058,-13.4433264856244,8.6616407503474,0.734205707385664,-0.327794198572366,2.22300843998042,8.18919698969239,-1.9438798977226,-0.306033080296556,-7.63410131972938,2.09098584310217,1.51209369085377,2922000,43.9138183,75.5229685131206,5093,765.410939860913,8.46,161.9,42817472975.3677,6357.19555043805,4.13413000106812,22.7682839511793,1.78423762643671,1.99564787082924,0.718
"45",440,97.93,93.51,11.0303984791983,-14.3277979360034,11.0693240584114,-4.21401676134985,2.78526972750561,0.341846251185433,3.18584594162802,4.99869768711804,0.0424296591056145,-5.07344977713734,-2.48166687602183,1.51252878860221,-3.89949737239561,2.90615754360602,-4.18554739824403,2.90494894866501,1.04225121012904,-1.23188094399883,5.20377611019013,0.285176257043844,-3.23009689414619,3726653,133.7323188,86.93054425,131718,47128.2360454902,2.3,2267.3,66445256585.3671,23723.3402510345,3.97215008735657,17.5254896952291,2.02172617270963,1.15527999401093,0.875
"46",458,98.06,79.22,-4.0203163002463,14.9635711083549,9.32766989346,-4.34057149042136,4.68146476321158,1.5553691548973,-4.5765961904839,1.54386013038271,-3.40129717821972,-1.05310514113249,-3.10205906086737,-2.11378001993932,9.40404083365452,-0.70710374279672,-0.485525302001205,1.35174763422848,2.41104768563731,-0.214087387933359,1.24240932024442,1.90949044996048,2.23243820713363,47201700,140.5905675,96.7514278,242565,7306.17623925403,5,23661.33,372980957208.023,11109.2618387745,3.91697001457214,12.7135731720259,1.05799365858043,1.04025995731354,0.803
"47",484,81.68,37.66,-12.2061204645489,7.31091503926901,-3.37162337590419,-9.65287132787446,1.3573173737446,-0.0825331029364362,4.56177644029967,-3.50205150721254,-1.52054718928324,0.690542274734338,1.09070126163801,-4.34597976921509,-0.239296334821729,-0.827939473425819,-1.04721206065447,0.658925711150977,-1.23579466082792,-2.0987925708079,-0.501715562003308,0.230355848054362,3.72302329618243,123920752,97.80246796,71.96819405,41615,330.282228724003,17.9692307692308,16345.64,1272839334119.3,10045.6805004963,4.2542200088501,12.0419467341841,0.680130763342781,0.300960004329681,0.758
"48",496,26.2,18.18,-0.504135930100065,12.5807636010314,13.4661386963345,-9.06074641716832,4.92896716304142,-3.24741973250804,-1.04577797096616,2.81838870134353,-2.58631818671921,0.697869752930758,-2.27193772939651,-4.37638311727395,-4.39149463884001,2.14847333802038,0.928997249056047,1.36388254511389,3.04271034644404,-3.78682326745325,-0.100420970648537,-5.19823746249142,-2.6334208619227,4687304,140.012223,84.32602895,5687,1726.29680952301,11.4,140.85,15286441818.1437,4566.14015433014,4.659912109375,14.9127365231555,0.655433038383716,0.133009999990463,0.739
"49",499,53.23,35.06,-1.48357184346836,-6.61591795795875,2.09123441703925,-8.79828243896791,5.8296201506886,1.4021278516686,-0.808863590287616,7.77104616731777,0.696750800901374,10.0126388052282,-3.64848202624476,-4.91791893016766,1.93136666178526,-4.06516765953335,-1.96533964938665,-8.2406478098114,7.9054886624183,-2.52110383339382,-5.68721887290277,1.37721192055469,-5.75898999964244,1120074,178.3957863,82.21969752,487,783.832765175292,1.3,249.51,5861268038.7982,9465.70399879557,4.13413000106812,19.7093670460994,1.74294562304317,0.36327999830246,0.832
"50",504,82.41,70.13,-8.17525880309254,8.12077183092308,1.0371350733215,-2.86110229844441,-5.40324453028225,-3.15925548225046,-2.58880847850788,2.50296740873894,1.32143418307794,-3.13877570638757,0.420567277370494,3.13219367534924,-2.73837534288883,2.08238880913763,-0.122781289500815,-0.343989804246724,2.76560662341403,0.205129171083686,-1.26517514428315,4.33061254886705,-2.63219182277268,52012000,139.2750984,88.13031937,16219,442.069851779176,11.2,5056.77,142866329198.42,3795.38012695313,6.75430011749268,18.5714485957292,4.18351299275295,0.533662222401424,0.683
"51",528,97.05,83.12,17.7614064709493,-6.97262582272721,-4.62256147326256,0.624729461326425,8.50216638367088,-5.9327979560396,1.48429777517389,-0.713980891188526,-1.12177113340919,-1.54999874507331,-2.22411768973501,-2.84276539261371,-3.30320292945752,-3.3310928516332,5.07171570283194,1.44477572229171,3.30553548295021,0.892689367019074,-0.183655783073206,0.464318003510502,-0.15298176166508,21888000,125.0621654,92.05298013,2387096,136862.999168649,29.9,30457.33,1012846760976.73,57767.8788108173,5.30000019073486,26.2979415103065,1.42245070291373,2.29422998428345,0.941
"52",554,84.04,51.95,16.6765028998235,2.14978217601345,-5.89741171174101,3.62851349224213,5.45485073852758,-5.55334992313974,-3.11333811462247,-3.84375781024204,-0.324310633108865,-4.19197777064309,4.17755818215372,-3.03959978229676,1.42840109821477,1.23112513866169,-2.53342716905055,2.34973307009926,-1.11504141743862,1.03433920992852,-3.24614560855333,-5.17837723707217,-3.42969267040221,5846000,113.9631575,91.5,104397,20509.4102392833,12.1538461538462,7888.75,249885687029.634,48781.0266328884,5.98000001907349,21.7148379070313,1.37098065911184,1.4077399969101,0.937
"53",558,9,29.87,-13.3485913541311,7.69064766510289,-10.7203141094903,-9.27176173178841,4.06341741445199,6.4758220830236,3.09336267375072,-4.79386957598032,0.599228118102279,0.089095750893703,-5.21474632213466,0.659933718052715,-4.5302578516186,-1.32533494639719,-1.38039564745986,1.98506368321851,0.315742156083297,-2.0272062401419,-1.16677885618861,-2.09824653985521,-1.9643180067861,6233864,90.99814029,45.2,610,90.2915157799226,17.9692307692308,43.67,14013022092.0645,2045.53540189014,4.63000011444092,14.2326702539505,0.60358162170254,0.533662222401424,0.667
"54",566,84.76,54.55,-16.0980485991575,7.980153919744,-2.90906784250416,1.03600467830063,3.40872728922051,-6.5433833213745,-1.13882354446133,2.1733843221681,0.977028909945447,-5.90139601506513,1.24381375209046,2.61000116462129,3.79304781950981,5.8171417343208,-2.16499997387992,-6.13903973946938,0.91041861479212,3.62695620173206,3.37827808136827,4.23705343686856,1.69505213032542,195128265,91.43723303,35.5,15242,73.1636819457334,16.2666666666667,5602.28,440833583992.485,2065.74906750923,4.11161661148071,5.1136986345217,0.970249204251875,0.533662222401424,0.535
"55",578,96.89,67.53,19.6785139022505,6.50049754106743,-8.63895512816784,12.4843046411329,-2.80102312357889,-2.7902755262294,1.51339340727473,0.636363240620356,-2.13137300317284,2.23387914024734,-1.9600748624046,-1.4938398120202,0.177928905322679,-2.68829192398747,0.679226199876357,-4.31062268879697,-0.754994338769026,-3.0544537297279,2.84923958922323,2.56364222129726,2.63557256505098,5825584,108.285471,99.0000036,209961,39030.0168696759,12.5318181818182,11802.78,482174854481.956,89154.2760934922,5.90000009536743,23.3784303850279,1.84135524909727,2.27601003646851,0.961
"56",586,64.88,42.86,-19.6435262351897,-3.82440974786284,-2.46435519874909,14.3334681053041,11.797639148691,-11.4589360389354,2.24377532223164,8.53993350104088,1.09053248057948,6.19491443852518,3.63821508000118,6.80700535634927,-5.58179630235568,0.665864220176845,-1.69755014902856,-4.05256290973314,-4.70755477514412,-0.503900877765789,1.26360553622531,-5.64281566861642,2.2999701258878,188711452,81.55130785,25,16293,71.713176554764,15.6857142857143,12904.31,348262544719.178,1505.01019279429,2.37757301330566,10.9375422020928,3.83327409524063,0.200959995388985,0.544
"57",604,55.67,62.34,-8.97416562285776,2.02725335263656,1.11474950830969,-10.2009525971267,-3.34595935459324,0.480162633992931,11.2297227614621,-5.9530187751362,0.85064230390323,-1.11306962244799,1.73095775609176,2.61471089813583,0.580597247667258,-2.80298964914159,4.20371387318394,-0.794288783177714,-3.26640878584984,0.0154800262222221,1.58160095986538,-1.94399902568954,0.300934340252579,43129394,127.9216675,71.10782643,15020,450.98663986609,22.9,1629.88,223249497500.387,6621.57433601881,3.98178005218506,14.0028995477537,1.11515648648114,0.171670004725456,0.762
"58",608,77,63.64,-8.78585578947306,13.768561697122,8.12784035501731,6.97473735627063,3.82156687005898,4.07158751388183,3.20363482671963,2.19860168884324,-2.36087426725016,2.35792890222588,-1.60543420664717,-0.726269956581173,8.05869474507313,-1.41625688787675,0.068121719358241,0.657457107558637,-0.275357580889579,0.425047643916356,0.866802589704658,2.98899036759117,-2.3501223159848,163345244,143.4358742,49.8,12444,110.918010812937,12.1538461538462,2237.34,394086401171.168,3460.53096344408,3.73481059074402,15.5642030194205,1.03784746356299,0.322219997644424,0.699
"59",616,93.86,87.01,5.80263010218951,-9.82085890019562,-2.12938295652336,-4.0908786582209,-1.16588946316359,3.33490828754016,0.68372152401661,-2.24926109295943,-1.85992849431185,-0.108601024531906,-1.06897206713968,-0.404497418215347,4.87151624532884,4.89358044573088,-2.28928173168743,-2.55011108679655,-5.02680589987692,-1.26049147225508,1.61191334535601,-1.34044174073193,-3.57182106397646,50588785,132.0589612,85.37490811,954351,25181.3830787932,2.4,35662.64,679444832854.295,17999.9099495446,5.19000005722046,18.798924368928,2.12041438242855,1.39205002784729,0.876
"60",620,97.32,89.61,6.14317798914142,-8.61262002884365,2.84352097312217,1.10437236583015,-0.698680159348217,1.47662798652915,7.69555818023487,-2.51373473335827,-0.313319311605321,4.97091198702862,-3.22790605361355,-0.264200041019092,4.75668980769011,0.106489695193333,-4.86192238557701,-1.56978487498074,2.57077163846071,4.8357837391287,1.25766282694328,-0.197931845285953,1.79613902293982,12476165,121.244316,82.30902804,228378,22178.9068183498,4,14294.56,253663144586.019,24567.5092651,5.01000022888184,18.8154776497165,2.07275736158857,1.61740005016327,0.866
"61",642,76.29,89.61,-6.6617572728149,-11.7077418543809,-2.40953469632218,-2.32688003301368,1.86376070875081,0.661503628117023,1.12218459282147,4.48372677663764,-1.69900536438677,0.298320544548086,-0.426325204080062,6.27704616148531,-1.90244258186027,0.680770599209523,-0.421594259383981,-2.69348422255511,-2.7916101556257,-0.518509430086886,0.147270632073264,-2.73992840406469,-0.20016490150707,22929000,118.6275646,83.59043346,411782,21374.339808723,7.1,10345.01,284087563695.798,14858.2294290445,3.69000005722046,17.4394515896578,1.9539229198089,0.470329999923706,0.821
"62",643,98.06,71.43,-0.944885427559901,-10.946292184658,11.6489378554914,-1.20407805922649,2.37648245596194,-1.26890030443482,0.704732129086486,0.562555607018535,-3.07156247722817,0.660799359286369,1.38403555155023,-2.29081820624213,-3.33124799351283,2.44990928653585,4.51236076581365,3.74754687266371,-0.0457172032030508,2.54544211634847,-2.04738629230771,0.497866108278079,0.226867034243722,246569033,168.9847242,88.21384578,1923034,13347.6233900894,8.8,81579.36,1778782625793.74,12194.77734375,3.73000001907349,17.7662877737312,4.0800661964948,1.09802997112274,0.822
"63",688,89.8,80.52,-0.762568643848581,-7.11611394800695,0.27735540497972,-9.13181746288957,-0.125450148571959,-1.05219982548809,-2.14982928283163,2.27659612498545,-0.805698246640017,0.596107711296525,0.0950668750339724,-1.78198865234245,-1.22027260139821,-1.73957122656078,0.860848580276207,0.916298680659481,0.23261031279993,1.41750599146474,-0.75642860788395,0.326408034956555,0.439062614895619,8501519,123.7205974,81.16588116,64584,9361.18575019503,13.5,4523.42,63082047649.8528,9230.17831602601,3.61647009849548,16.8507284153774,2.0865005345612,0.905950009822845,0.802
"64",702,98.52,71.43,7.63258875295525,3.43144485974133,10.6140722617168,5.29785257313406,-0.5377106307519,3.13306083750764,-1.91342326126558,-6.90665914419202,3.28391494104061,3.15727794174961,-0.765061608871313,2.70390932191433,4.31217637120623,1.0476892613792,-1.14379428529338,-0.442849009641328,0.433895057408136,-0.704919207948267,-0.0490346965522777,-3.791110670267,4.20194427513759,8660700,145.7770162,92.00434653,729931,128377.730724944,12.1538461538462,11458.63,396986899888.351,72794.0030226738,2.80646228790283,11.5496166789694,2.97823131145017,1.89064002037048,0.939
"65",703,92.36,83.12,4.04166070114103,0.273218371131459,6.19010320859948,-4.34605287062603,-4.0525945973465,0.00629811939753979,0.807014255248458,3.39598665695542,-1.5139922367134,2.57784062643022,-0.514222832343479,1.25535078414565,0.448392866552401,2.0165019037273,-1.69984385698917,-2.00227386156976,2.15102586831316,1.16184645723128,-0.558921587865539,-0.516478606876406,-0.462573366687095,7362325,135.1475011,88.92562911,141484,25918.3886941279,5.6,5321.6,116527101097.7,21391.9253336042,4.6100001335144,21.4946784852155,1.70581580202089,0.911090016365051,0.848
"66",704,94.55,36.36,-3.46353151066853,3.98391165767063,10.6151782528039,15.6185231872642,-2.20511489614668,13.2237145151648,6.32063823156316,0.444038519441551,1.48109340880973,5.2890133676347,-0.136659460783428,2.0545196236011,0.136133262620691,2.64817447153766,-0.435580707261786,7.88995977286363,-0.0448215866194807,-4.44922163122145,1.65443988919979,3.58257463788892,-5.1663205369706,135349460,138.8654955,74.20999985,302313,3127.95771613447,12.1538461538462,4286.48,366137590600.699,3756.48912117326,4.11161661148071,9.6114158728167,2.28456986005062,0.531719982624054,0.703
"67",705,74.93,59.74,10.2075053762182,-1.49969016471434,-4.17408630245784,-7.53818978860685,-3.55204687084652,1.30355148054645,1.777696012527,-0.0599005232648576,-2.83337966507556,0.172583253300835,-6.95756070969466,3.96912112669821,0.131126221044709,1.71778821503786,-5.23445899100634,0.134583883903184,-1.04184390189859,0.564346781359312,1.68124871596327,1.8265629606485,-3.19640750120751,2607268,123.0185759,89.00399524,103255,49112.4747255423,20.6,3206.15,61748586534.8672,29291.4006234431,5.76000022888184,20.644648256281,1.21807578663846,2.14735007286072,0.918
"68",716,36.49,15.58,-16.114250934195,1.88194088584538,-10.842787794137,5.15071142276257,-0.979950784905954,4.04564706886673,-3.24692867446421,-0.478931962335245,3.82114947522338,-1.75153400691792,0.749169505828909,2.09361541835136,-1.31120201413481,4.72633264106229,-3.02665587324726,-1.15355292779014,4.96490105473086,2.23104342367486,3.33968326179533,2.5305542724794,-0.188360327959323,14257590,89.14601935,29.29856595,1107,70.646049507373,16.2666666666667,359.33,28371238665.5116,1773.92041088078,3.86611008644104,14.9159037651401,0.01353007068609,0.533662222401424,0.593
"69",724,98.52,88.31,8.2146093647304,-1.59302082729855,-4.34825060866036,0.338429964968067,-4.85062126508448,-1.39669560517485,8.22512583375786,1.74587031757485,-0.126268487454,0.757027323875517,0.0138046530521565,-1.34092183172444,0.738460472282593,1.4438772944715,-1.95702388463101,-0.587352234536503,1.73872660687766,2.43572961890899,-2.1463151963584,3.94735316359942,1.25898016313292,56805348,119.623109,93.89752157,1022461,21586.5483122739,12.3,54536.59,1427380681294.55,30103.513733191,4.59000015258789,21.4312229769928,1.37078152163816,1.40541005134583,0.905
"70",752,94.59,84.42,21.01281873429,5.71359141413572,-11.6174846164831,10.4507582452583,2.1584172703962,-2.479958107171,0.391178136438395,1.87453256250793,-3.24554899678759,-0.0491703015575233,-2.04564406005175,-1.31742313245508,-0.745725719780314,-1.21568370646426,3.23505507265213,-1.82314401877754,-1.04761575095087,-2.76479198516283,3.03683655059198,1.48729225646396,4.45873907688301,12843683,122.7053021,88.30778589,338969,32739.7400787101,15.5,20420.56,635663801201.765,61028.7380600287,7.17000007629395,25.8875350273386,1.27684981545309,3.52722001075745,0.947
"71",756,86.97,76.62,19.1499854804063,5.85298691087196,-5.28043491188034,4.41975120491559,-2.01579296091871,-0.287270006078987,-0.724470171477538,-0.00811320708019837,-1.12326576859075,1.10314533056487,-2.39793354690447,1.36432265602222,-1.37173728843375,0.335333389193295,-1.10890190234503,-0.660154656874917,1.0399102792368,-0.805227063363598,1.0881486968796,-0.506207300505406,-1.15485624067409,11060700,127.2601924,95.56937176,1036600,120002.310675401,12.5318181818182,21378.56,800640155387.26,91991.6004583563,5.21999979019165,12.1328241781478,0.711642799984427,3.14685988426209,0.962
"72",762,17.1,10.39,-10.3881507084768,8.4843461514124,9.12442814890057,16.8940447176214,1.2872901428833,1.03530721857738,5.47430723466728,-0.422333674792173,-3.7106794900418,-4.5947546255104,-3.50540952525365,-8.47149710404704,-4.51137919474167,8.14809290717894,2.46389344776438,-6.5677446606137,-4.7072907116232,-0.34084921252427,-6.8647954758817,-4.25236773746697,-3.62766235169718,11584000,121.3847714,21.96,880,92.2121882088485,8.9,62.4,8746270636.40142,897.047510293411,5.91716289520264,11.5680045927562,1.00921283211019,0.089029997587204,0.685
"73",764,86.5,64.94,-3.55823119423634,8.72106162925722,7.26916582951818,-2.06863609576919,10.801377223186,1.99327999769907,-7.08037691846076,0.343110707536628,-2.70298553186695,-3.8605114962776,1.16573336655175,-10.7837840385086,3.52806277535782,-0.752134767321112,-2.88600697343104,0.738357628048578,0.457927832297658,-0.633848676908691,-0.975418306920204,-2.13375050104267,5.88268410362818,120850000,168.7823161,85.26960482,133183,1863.33351166909,12.1538461538462,12513.75,505947037098.424,7066.19054595323,3.14571094512939,18.175332670034,1.31844274506564,1.14257001876831,0.8
"74",788,86.23,53.25,-13.4108322033914,0.441330696596776,2.04686073258421,-1.57850836594031,-10.0313774319867,-9.30555195542441,-4.26993507898521,-1.13426500678767,-0.917943450434381,0.481443195369849,2.91057289181023,-2.12542245590964,-3.63490063998683,-1.32502082036539,-3.85207317208573,-2.06311603399826,0.548415291777686,0.206088554132733,-0.731139596929864,4.69582599504561,1.12071247522023,15644663,127.5767095,71.9,3882,319.198192558735,6.7,5564.86,46686741814.278,3807.13915027254,4.11161661148071,20.9783231046226,2.82897748580203,0.748390018939972,0.731
"75",792,97.5,54.55,-0.210968869793217,0.0874470684193117,8.25849604122969,0.371656886523891,-0.271304178488003,-2.54910973919044,-0.0976176360159001,3.47456209926035,8.62594354499819,2.96044552287702,0.0442794654573962,-2.21359137164248,2.87531272360846,-3.93980701304783,2.44372654379267,-0.778914803072544,-1.04319864643116,-2.10116259928237,-3.20142437504458,-0.756641935518063,0.852916697541886,86288834,101.785223,81.40843745,570108,6776.0753531794,7.3,33535.8,819035182929.585,9661.23597511355,3.35999989509583,13.0593426435793,2.06389646247387,1.08893001079559,0.838
"76",804,65.93,75.32,0.219295827877377,-14.5636867692296,8.08033896778892,-5.89473457806948,2.84655049821199,-0.735141245493002,0.632864292102562,3.15588373230405,-2.38764695132912,-2.56017142138204,4.06927066753636,0.323659295167889,-3.49275202649925,3.16722866276919,5.28393993204318,2.35283985674232,-1.04240468910816,2.72590328495384,1.06811367634089,2.62128968096424,0.348204346876321,55925908,135.025689,75.03790912,395092,8952.49617800433,9.9,10379.89,200085537744.354,4835.57177734375,5.38231992721558,18.0489906355331,3.22834693677077,0.406080007553101,0.773
"77",807,89.92,55.84,-1.86145156873233,-5.61346735497395,-5.5262734801632,-5.56486549756362,0.172822844450968,3.82625618339282,-3.54420260182895,5.26592324273577,-1.02500994832712,-0.989379231524758,3.96434380367314,-1.47304190501722,-0.0996571598260355,-0.362126491554025,1.57044097408761,-0.17968545117049,-1.70370298222152,-1.50285434677328,-1.21064563289305,1.70053330987593,1.69444784697847,1941352,92.29897353,81.40553811,2120,1022.90387936296,9.6,493.05,13825049831.7959,6694.64112581709,4.13413000106812,15.9963528076821,1.54104251710607,0.375600010156631,0.77
"78",818,95.48,57.14,-16.646954854516,-18.7371372381332,3.81235696235264,7.86782731350389,-11.5920447314225,-9.9685374308518,-5.89909692295863,-15.8736736351879,2.77003935375959,3.63393413099558,-5.19021829284207,-3.83882839562803,1.76811343577117,4.08986153253556,5.5855296123535,-1.31267774535505,8.60703366050076,-5.60257139176935,2.65840421312368,-0.0235492606344791,1.37792915010514,103449734,94.68027811,71.91420097,4503,41.9019623611133,1.1,13326.67,404142766093.053,3698.83498105861,2.48000001907349,7.94196498974925,1.3008191087835,0.962180018424988,0.731
"79",826,98.52,77.92,13.647294804361,4.56124632971972,-4.48622227378771,-0.744193326637127,1.18464950331441,-2.91346226057795,-3.03831751887789,-0.942423304751086,-0.241261550177629,1.39633716695003,4.23298177832608,-2.26988553837682,1.95230703808076,2.02642433431273,4.31535856591584,2.10023067936981,-0.785287609205862,2.16305557276191,-0.620806612034181,-1.92298371532532,-2.64033409314523,79773000,118.5668355,94.81820132,2445275,36452.5722633831,12.5318181818182,97680.9,3131377762925.95,46510.2827819127,5.53000020980835,22.3808864965531,2.22322827028005,1.70799005031586,0.929
"80",840,100,64.94,7.88654202469982,11.2218842200369,-2.63846226339265,-5.2920382968626,2.1883026786609,-2.20418064251875,-8.37931078944207,-0.0536808150671403,1.35808125147512,1.2414162824832,3.61618708539933,1.91262988650105,1.72093574554359,3.10962803843964,2.8333027509752,4.41217594893538,-0.167036521956177,2.00368027814823,-0.24612290759507,-2.26868189978106,-4.99551679296311,361617000,107.3055043,90.9,46678110,140808.319538506,15.7107142857143,422807.71,23315080560000,70248.6290002242,6.05000019073486,14.3843852109769,3.48321575578739,3.45018005371094,0.921
"81",858,75.15,59.74,-0.331782637957763,-0.650435389004041,-12.615483757044,-0.13532545896638,7.40754322147073,0.70986859736385,6.79652661002222,-5.98204270594377,2.49488319214039,2.9647908044065,0.206180437392025,1.3341878562741,-1.25618011906145,1.7707467588014,-2.24583152539347,-0.799765986670136,-1.9738128692013,4.23931635240252,-3.26497706701267,-1.12269605626994,3.34451126716251,4691277,136.9212202,86.1,6677,1947.16609615507,22.9,852.23,59319484710.6527,17313.1883484186,4.55207014083862,18.4324621385098,2.25630653799032,0.483020007610321,0.809
